strength,realised_bias,correction,model,species,prevalence,true_auc,spearman,cv_auc,leakage
0.0,0.15689992904663086,none,GLM,0,0.276053932602442,0.6539809980343427,0.6440281220570702,0.62545,0.01030504034708113
0.0,0.15689992904663086,none,GLM,1,0.2751094017890158,0.883382981345836,0.9267226979813066,0.7767249999999999,0.029602712318599234
0.0,0.15689992904663086,none,GLM,2,0.0847596837412311,0.8908917996631511,0.8639314001008284,0.8866375,0.0596207877024707
0.0,0.15689992904663086,none,GLM,3,0.305789851544197,0.9031429838989727,0.9016496015231239,0.7890791666666668,0.06618646107022752
0.0,0.15689992904663086,none,GLM,4,0.10748487770604057,0.7382128446876014,0.8504601227076503,0.7382583333333333,0.02492081086928144
0.0,0.15689992904663086,none,GLM,5,0.24371626867248436,0.8275242395394842,0.9176053229750132,0.7678750000000001,0.02870702700483385
0.0,0.15689992904663086,none,BRT,0,0.276053932602442,0.6620974710302582,0.6871801474759733,0.609575,0.004275488864554533
0.0,0.15689992904663086,none,BRT,1,0.2751094017890158,0.880108106218976,0.9049885601864894,0.7852833333333332,0.060250726874309546
0.0,0.15689992904663086,none,BRT,2,0.0847596837412311,0.9014507091123108,0.8894306895592461,0.8920541666666667,0.16661674499385293
0.0,0.15689992904663086,none,BRT,3,0.305789851544197,0.9090542984682517,0.8845841938116189,0.8205041666666667,0.046961704618281974
0.0,0.15689992904663086,none,BRT,4,0.10748487770604057,0.7468506494772451,0.8903865023360518,0.7383916666666666,0.01163929616361048
0.0,0.15689992904663086,none,BRT,5,0.24371626867248436,0.8289689708424556,0.9200506464905667,0.766625,0.043105402764977874
0.0,0.15689992904663086,none,RF,0,0.276053932602442,0.6701186665303275,0.7165244434532515,0.6198,0.05495033201051924
0.0,0.15689992904663086,none,RF,1,0.2751094017890158,0.8847345108085543,0.9112241264962413,0.7941250000000001,0.022765730213210933
0.0,0.15689992904663086,none,RF,2,0.0847596837412311,0.9070196792965926,0.8923578334716483,0.8870625,0.11465729424183346
0.0,0.15689992904663086,none,RF,3,0.305789851544197,0.9160027999426597,0.9120370047895076,0.8295125000000001,0.04010106433252025
0.0,0.15689992904663086,none,RF,4,0.10748487770604057,0.7438969658560163,0.8767889923237011,0.7478999999999999,0.0075733606109236185
0.0,0.15689992904663086,none,RF,5,0.24371626867248436,0.8304918130124077,0.9174876635278375,0.758425,0.03691080332041019
0.0,0.15689992904663086,none,MLP,0,0.276053932602442,0.6302440453394613,0.5636808274529113,0.6453749999999999,0.003317405602971668
0.0,0.15689992904663086,none,MLP,1,0.2751094017890158,0.8735657567702615,0.9234551472499507,0.7757833333333334,0.03647418101134603
0.0,0.15689992904663086,none,MLP,2,0.0847596837412311,0.8917450652496934,0.8838832939891211,0.8853875000000001,0.1021015689325564
0.0,0.15689992904663086,none,MLP,3,0.305789851544197,0.9082876584593892,0.9286838116125041,0.8141541666666666,0.03882825445090066
0.0,0.15689992904663086,none,MLP,4,0.10748487770604057,0.727433545997776,0.8191390067611121,0.7278833333333334,0.020848542497421185
0.0,0.15689992904663086,none,MLP,5,0.24371626867248436,0.8098104541374785,0.8853898238955527,0.735075,0.03519863412915769
0.0,0.15689992904663086,none,CNN,0,0.276053932602442,0.6299682658897907,0.5640055326734944,0.5913624999999999,0.007747405298363708
0.0,0.15689992904663086,none,CNN,1,0.2751094017890158,0.8650719524670124,0.8875740230171806,0.7605249999999999,0.04829539701883212
0.0,0.15689992904663086,none,CNN,2,0.0847596837412311,0.8988174794361827,0.8877553762183857,0.8863874999999999,0.08574518067567538
0.0,0.15689992904663086,none,CNN,3,0.305789851544197,0.9069802727686683,0.909801882109734,0.8200791666666667,0.08158452177096587
0.0,0.15689992904663086,none,CNN,4,0.10748487770604057,0.7397191091451156,0.8535057826831146,0.7281083333333334,0.03119439518567979
0.0,0.15689992904663086,none,CNN,5,0.24371626867248436,0.8200167865573007,0.9067376970940243,0.7531416666666666,0.026688526188522133
0.0,0.15689992904663086,tgb,GLM,0,0.276053932602442,0.6243908516437541,0.5208685763841246,0.6052416666666667,0.012285014253297422
0.0,0.15689992904663086,tgb,GLM,1,0.2751094017890158,0.8718895437795816,0.9045998722572086,0.7670833333333333,0.03623309996406121
0.0,0.15689992904663086,tgb,GLM,2,0.0847596837412311,0.8826814983820327,0.8438561323236402,0.8779791666666666,0.06600802741200729
0.0,0.15689992904663086,tgb,GLM,3,0.305789851544197,0.8788337546613199,0.8717035634025857,0.7627541666666667,0.07274895802972436
0.0,0.15689992904663086,tgb,GLM,4,0.10748487770604057,0.717282381363604,0.801202752686521,0.7146416666666666,0.02406789977103896
0.0,0.15689992904663086,tgb,GLM,5,0.24371626867248436,0.8233767851618903,0.9076746187346865,0.764825,0.02682590691805742
0.0,0.15689992904663086,tgb,BRT,0,0.276053932602442,0.6516582687520226,0.6502234819852963,0.593125,0.011476419587423514
0.0,0.15689992904663086,tgb,BRT,1,0.2751094017890158,0.8766449329272731,0.8955222641861414,0.7844833333333334,0.11064393021381114
0.0,0.15689992904663086,tgb,BRT,2,0.0847596837412311,0.8994246446668016,0.8877234418653875,0.8828874999999999,0.17667751145585653
0.0,0.15689992904663086,tgb,BRT,3,0.305789851544197,0.893698646890267,0.8527053732064727,0.8000625000000001,0.07920928247670711
0.0,0.15689992904663086,tgb,BRT,4,0.10748487770604057,0.7343738557030638,0.8561625409667273,0.7330583333333334,0.020583843078309072
0.0,0.15689992904663086,tgb,BRT,5,0.24371626867248436,0.8299809562413698,0.9202550006332324,0.7585916666666667,0.1016341073666519
0.0,0.15689992904663086,tgb,RF,0,0.276053932602442,0.6369368320435429,0.5791576972414307,0.5931375,0.05223083222791969
0.0,0.15689992904663086,tgb,RF,1,0.2751094017890158,0.8759180339286187,0.8904870581588051,0.7822541666666667,0.03812279297359611
0.0,0.15689992904663086,tgb,RF,2,0.0847596837412311,0.9013424117160287,0.8600847763449412,0.8776208333333333,0.12089984551659738
0.0,0.15689992904663086,tgb,RF,3,0.305789851544197,0.8980003213002525,0.8689987877276476,0.8126041666666666,0.060325526656674566
0.0,0.15689992904663086,tgb,RF,4,0.10748487770604057,0.7253702605036196,0.8298793011024268,0.7352000000000001,0.023865836839022103
0.0,0.15689992904663086,tgb,RF,5,0.24371626867248436,0.8293666478108495,0.9162550303675593,0.7734374999999999,0.050246206104444635
0.0,0.15689992904663086,tgb,MLP,0,0.276053932602442,0.6304720030895634,0.5505530941251973,0.6285333333333333,0.003605151398771378
0.0,0.15689992904663086,tgb,MLP,1,0.2751094017890158,0.8662899711552678,0.9127254011693016,0.7757916666666667,0.06953929782946744
0.0,0.15689992904663086,tgb,MLP,2,0.0847596837412311,0.8960642257937194,0.892527847448493,0.8857875000000001,0.12139462263635148
0.0,0.15689992904663086,tgb,MLP,3,0.305789851544197,0.9019334055074931,0.9212253074512315,0.8012291666666667,0.040508472184105804
0.0,0.15689992904663086,tgb,MLP,4,0.10748487770604057,0.7111697651315494,0.7826352071034794,0.7142666666666667,0.024843851055411093
0.0,0.15689992904663086,tgb,MLP,5,0.24371626867248436,0.82197939522134,0.9139205792726358,0.7479083333333334,0.04025732985438102
0.0,0.15689992904663086,tgb,CNN,0,0.276053932602442,0.6124400408541567,0.4888900393195084,0.5753666666666666,0.01540526832202116
0.0,0.15689992904663086,tgb,CNN,1,0.2751094017890158,0.8645455686349899,0.8869532470167114,0.774,0.11925762584092747
0.0,0.15689992904663086,tgb,CNN,2,0.0847596837412311,0.8966962311781064,0.8765801359924225,0.8844541666666667,0.09708934131158087
0.0,0.15689992904663086,tgb,CNN,3,0.305789851544197,0.8952528725502862,0.9017311836156214,0.7919208333333333,0.10059127841406823
0.0,0.15689992904663086,tgb,CNN,4,0.10748487770604057,0.7244273034630183,0.8275575388065576,0.71745,0.042453291576461494
0.0,0.15689992904663086,tgb,CNN,5,0.24371626867248436,0.8299768404884938,0.9233957874691059,0.7716083333333332,0.0316519302454058
0.0,0.15689992904663086,biascov,GLM,0,0.276053932602442,0.6122643390553661,0.4592114192585285,0.61635,0.2103247026251459
0.0,0.15689992904663086,biascov,GLM,1,0.2751094017890158,0.8682687472098838,0.902473640250184,0.7532,0.008326309750421479
0.0,0.15689992904663086,biascov,GLM,2,0.0847596837412311,0.8778333812641123,0.8569158430922895,0.8785458333333334,0.05551546963908549
0.0,0.15689992904663086,biascov,GLM,3,0.305789851544197,0.8899801168622876,0.879828864777572,0.7688458333333333,0.008430821490720053
0.0,0.15689992904663086,biascov,GLM,4,0.10748487770604057,0.7388804211376114,0.8495112962712781,0.706925,0.10638312634784708
0.0,0.15689992904663086,biascov,GLM,5,0.24371626867248436,0.8259337493586227,0.9184113619300283,0.735825,0.09828289100336429
0.0,0.15689992904663086,biascov,BRT,0,0.276053932602442,0.6558161146686833,0.6648595849858935,0.5977583333333333,0.02208602679898497
0.0,0.15689992904663086,biascov,BRT,1,0.2751094017890158,0.8843254303662671,0.9098383495443254,0.7924666666666667,0.07596616415088053
0.0,0.15689992904663086,biascov,BRT,2,0.0847596837412311,0.9006872526603945,0.8769276363506711,0.8937291666666666,0.14392196726664763
0.0,0.15689992904663086,biascov,BRT,3,0.305789851544197,0.912654075554696,0.8943449978166799,0.8016625,0.03567901165125298
0.0,0.15689992904663086,biascov,BRT,4,0.10748487770604057,0.7475703206565866,0.890801127316841,0.7382000000000001,0.02908781916298797
0.0,0.15689992904663086,biascov,BRT,5,0.24371626867248436,0.8341056481245447,0.9283653075984203,0.7505333333333333,0.1494666173096676
0.0,0.15689992904663086,biascov,RF,0,0.276053932602442,0.6719435316707779,0.7259629980108196,0.6048500000000001,0.03470334585807011
0.0,0.15689992904663086,biascov,RF,1,0.2751094017890158,0.8874921680066956,0.9188875398141462,0.7924625,0.017211780654709186
0.0,0.15689992904663086,biascov,RF,2,0.0847596837412311,0.9075470754801171,0.8893107280724053,0.8906916666666667,0.11470353430117364
0.0,0.15689992904663086,biascov,RF,3,0.305789851544197,0.9207188263586666,0.9287333206179571,0.8320166666666667,0.04247282705169331
0.0,0.15689992904663086,biascov,RF,4,0.10748487770604057,0.7460098792720563,0.8765365214927855,0.7460958333333334,0.01648803737982263
0.0,0.15689992904663086,biascov,RF,5,0.24371626867248436,0.836998954367471,0.9314185467523478,0.7597375000000001,0.031841760863933755
0.0,0.15689992904663086,biascov,MLP,0,0.276053932602442,0.6244768203118151,0.5268506971532072,0.6371583333333334,0.06221203756759619
0.0,0.15689992904663086,biascov,MLP,1,0.2751094017890158,0.8665172212571899,0.912706191587977,0.7423666666666667,0.0356462812392595
0.0,0.15689992904663086,biascov,MLP,2,0.0847596837412311,0.8939029117546287,0.8894651817901635,0.8810458333333333,0.1607139669455805
0.0,0.15689992904663086,biascov,MLP,3,0.305789851544197,0.8999021325189132,0.9222893285212984,0.7904875,0.010472699197716762
0.0,0.15689992904663086,biascov,MLP,4,0.10748487770604057,0.7354132436950324,0.8505052961093579,0.7092333333333334,0.04642767768639944
0.0,0.15689992904663086,biascov,MLP,5,0.24371626867248436,0.8308570061461183,0.9266577176093816,0.719225,0.10178041129423299
0.0,0.15689992904663086,biascov,CNN,0,0.276053932602442,0.6246638341038636,0.5189186153895479,0.60405,0.014779792765400979
0.0,0.15689992904663086,biascov,CNN,1,0.2751094017890158,0.8538039431690796,0.8734680501066956,0.7739249999999999,0.04759199845610784
0.0,0.15689992904663086,biascov,CNN,2,0.0847596837412311,0.8978746884223542,0.8564105621450244,0.8854791666666666,0.10659282879320953
0.0,0.15689992904663086,biascov,CNN,3,0.305789851544197,0.912744961941709,0.9316947790398332,0.8009458333333334,0.005704719755548537
0.0,0.15689992904663086,biascov,CNN,4,0.10748487770604057,0.7366184382822416,0.8489311494758961,0.692075,0.08282543704223055
0.0,0.15689992904663086,biascov,CNN,5,0.24371626867248436,0.8260713787742203,0.9028883255306951,0.7274083333333333,0.2721215923088143
2.0,1.4936726093292236,none,GLM,0,0.276053932602442,0.6202750660002712,0.5129690093579223,0.8425958333333333,0.30755994778285256
2.0,1.4936726093292236,none,GLM,1,0.2751094017890158,0.844033834110212,0.8638759592336898,0.9117541666666666,0.13391271825152617
2.0,1.4936726093292236,none,GLM,2,0.0847596837412311,0.8716498221738155,0.837082463202206,0.9620625,0.21564238674287983
2.0,1.4936726093292236,none,GLM,3,0.305789851544197,0.8527201910941158,0.8263839185554597,0.8823541666666666,0.01869612035551549
2.0,1.4936726093292236,none,GLM,4,0.10748487770604057,0.7052143614558843,0.7302237997800592,0.9141583333333333,0.21239087512332988
2.0,1.4936726093292236,none,GLM,5,0.24371626867248436,0.6937110588551845,0.6150770768536925,0.8399666666666666,0.2445631192366685
2.0,1.4936726093292236,none,BRT,0,0.276053932602442,0.6165433671805041,0.5204324133566972,0.8479708333333333,0.5930187858058635
2.0,1.4936726093292236,none,BRT,1,0.2751094017890158,0.8370848060136796,0.8212158429751953,0.9072375,0.33250648376374525
2.0,1.4936726093292236,none,BRT,2,0.0847596837412311,0.8625431948365517,0.7973639605105712,0.9601208333333333,0.3877197650659353
2.0,1.4936726093292236,none,BRT,3,0.305789851544197,0.8645459178276609,0.846687539213934,0.9006541666666668,0.12545460886030146
2.0,1.4936726093292236,none,BRT,4,0.10748487770604057,0.7012100167978977,0.693710877921919,0.9051833333333333,0.42744892101724363
2.0,1.4936726093292236,none,BRT,5,0.24371626867248436,0.6840968029974545,0.5720256220650302,0.847075,0.39875707808247696
2.0,1.4936726093292236,none,RF,0,0.276053932602442,0.595969437574145,0.41902657055040865,0.8570125,0.43848266380907164
2.0,1.4936726093292236,none,RF,1,0.2751094017890158,0.8028835175322675,0.7416107222341384,0.9114125,0.1442796868214532
2.0,1.4936726093292236,none,RF,2,0.0847596837412311,0.8806418475072417,0.8037148580317736,0.9647916666666667,0.23393533667994704
2.0,1.4936726093292236,none,RF,3,0.305789851544197,0.8713230603473809,0.8512155823132926,0.9039083333333333,0.08051001593797225
2.0,1.4936726093292236,none,RF,4,0.10748487770604057,0.6700124223648616,0.5634504249352629,0.9125416666666667,0.43689896741567824
2.0,1.4936726093292236,none,RF,5,0.24371626867248436,0.6929160450632625,0.6164273785109453,0.8533875,0.29055391375271866
2.0,1.4936726093292236,none,MLP,0,0.276053932602442,0.6035358090821316,0.44691441879395916,0.8439291666666665,0.4302279393560543
2.0,1.4936726093292236,none,MLP,1,0.2751094017890158,0.8471939526320238,0.8637115483890461,0.9000791666666667,0.15321560718792537
2.0,1.4936726093292236,none,MLP,2,0.0847596837412311,0.8795932809401532,0.8792841962676198,0.9632708333333334,0.33454445261201404
2.0,1.4936726093292236,none,MLP,3,0.305789851544197,0.8718477162358489,0.8735288473125548,0.8697874999999999,0.05425043540817098
2.0,1.4936726093292236,none,MLP,4,0.10748487770604057,0.6939565153835551,0.6841485744853977,0.8982749999999999,0.2767432255128043
2.0,1.4936726093292236,none,MLP,5,0.24371626867248436,0.6852990994487803,0.6011547283078131,0.8393583333333333,0.27859119335119764
2.0,1.4936726093292236,none,CNN,0,0.276053932602442,0.5858377615073609,0.392007596739651,0.8560541666666667,0.44602395673290784
2.0,1.4936726093292236,none,CNN,1,0.2751094017890158,0.8134384649414158,0.7771396664613062,0.9052791666666666,0.1752457703317114
2.0,1.4936726093292236,none,CNN,2,0.0847596837412311,0.8625277012634843,0.6887728381982897,0.9656125,0.1826805797525054
2.0,1.4936726093292236,none,CNN,3,0.305789851544197,0.872575863464338,0.8767557110029407,0.9021374999999999,0.0543005250876305
2.0,1.4936726093292236,none,CNN,4,0.10748487770604057,0.6853971311984274,0.6294860415518814,0.9127083333333335,0.3147316556681128
2.0,1.4936726093292236,none,CNN,5,0.24371626867248436,0.6648865774699796,0.5501175506063253,0.8502916666666667,0.3398530493597399
2.0,1.4936726093292236,tgb,GLM,0,0.276053932602442,0.6180249840255305,0.4997302821298256,0.7472041666666667,0.08369292746357437
2.0,1.4936726093292236,tgb,GLM,1,0.2751094017890158,0.8602901120605435,0.8733704614209259,0.7619374999999999,0.017077142376252796
2.0,1.4936726093292236,tgb,GLM,2,0.0847596837412311,0.88341176107517,0.84506807809717,0.9288208333333332,0.08857590375851787
2.0,1.4936726093292236,tgb,GLM,3,0.305789851544197,0.8710595464667804,0.8536980976335654,0.7601541666666667,0.03927638058929661
2.0,1.4936726093292236,tgb,GLM,4,0.10748487770604057,0.7007859911649568,0.7201885570144714,0.8345166666666667,0.024076676336971192
2.0,1.4936726093292236,tgb,GLM,5,0.24371626867248436,0.7951263118435069,0.8501134729842835,0.6618666666666666,0.06950402828184976
2.0,1.4936726093292236,tgb,BRT,0,0.276053932602442,0.6398744463014967,0.6086755358672647,0.7795541666666667,0.14378988760061195
2.0,1.4936726093292236,tgb,BRT,1,0.2751094017890158,0.8787753246217495,0.9066341378511952,0.8104125,0.047000326400682524
2.0,1.4936726093292236,tgb,BRT,2,0.0847596837412311,0.8860915660396136,0.8067186228770254,0.9391375,0.20717266396430356
2.0,1.4936726093292236,tgb,BRT,3,0.305789851544197,0.9036023955867403,0.8842473632517448,0.7900791666666667,0.032378070890461186
2.0,1.4936726093292236,tgb,BRT,4,0.10748487770604057,0.7308026612130948,0.806383398955918,0.8455916666666666,0.023688392283379378
2.0,1.4936726093292236,tgb,BRT,5,0.24371626867248436,0.7936237763220425,0.8481699580310833,0.6886583333333334,0.044945219916316725
2.0,1.4936726093292236,tgb,RF,0,0.276053932602442,0.6168383348468085,0.50807176119329,0.7853041666666667,0.08963318056710612
2.0,1.4936726093292236,tgb,RF,1,0.2751094017890158,0.8702805306026692,0.8734175619268087,0.783525,0.11192202702729215
2.0,1.4936726093292236,tgb,RF,2,0.0847596837412311,0.8829184255339632,0.6842121124919988,0.9329166666666666,0.08241107314768992
2.0,1.4936726093292236,tgb,RF,3,0.305789851544197,0.9086212782897746,0.8682059297725683,0.7603833333333333,0.11949180153712002
2.0,1.4936726093292236,tgb,RF,4,0.10748487770604057,0.72526071303308,0.7851030772053904,0.841,0.01855103886943943
2.0,1.4936726093292236,tgb,RF,5,0.24371626867248436,0.810632618292588,0.8777193822396991,0.6797041666666667,0.09055996685241374
2.0,1.4936726093292236,tgb,MLP,0,0.276053932602442,0.6043529889635133,0.44031991046312535,0.7875291666666667,0.15375207566732618
2.0,1.4936726093292236,tgb,MLP,1,0.2751094017890158,0.8708921119471739,0.9083336930657403,0.7648625,0.03990965714745942
2.0,1.4936726093292236,tgb,MLP,2,0.0847596837412311,0.8922062788154059,0.8935897391916497,0.9464791666666668,0.17338285776040174
2.0,1.4936726093292236,tgb,MLP,3,0.305789851544197,0.8982727090529686,0.9164635317802519,0.7308625,0.019468435347937296
2.0,1.4936726093292236,tgb,MLP,4,0.10748487770604057,0.7097125317876654,0.7403822119207596,0.8391083333333333,0.03987526839980493
2.0,1.4936726093292236,tgb,MLP,5,0.24371626867248436,0.8032805230764074,0.8749697727364242,0.6654416666666667,0.02122666235393822
2.0,1.4936726093292236,tgb,CNN,0,0.276053932602442,0.6021215060390912,0.4409879246531274,0.7634958333333333,0.08612822601322845
2.0,1.4936726093292236,tgb,CNN,1,0.2751094017890158,0.8615156639361774,0.8694764470714516,0.7221875,0.08455552137753986
2.0,1.4936726093292236,tgb,CNN,2,0.0847596837412311,0.8939024231475432,0.8528221111487128,0.9318541666666667,0.0991541060687352
2.0,1.4936726093292236,tgb,CNN,3,0.305789851544197,0.8988035483310489,0.9119810337022805,0.7381875,0.04900865103031227
2.0,1.4936726093292236,tgb,CNN,4,0.10748487770604057,0.7142273994881401,0.7614387283242391,0.8308416666666666,0.006322514367309351
2.0,1.4936726093292236,tgb,CNN,5,0.24371626867248436,0.8134480109525557,0.8849404352327558,0.6387416666666667,0.011376006810109973
2.0,1.4936726093292236,biascov,GLM,0,0.276053932602442,0.5960074543058731,0.402093630505734,0.8595041666666667,0.10697042375763399
2.0,1.4936726093292236,biascov,GLM,1,0.2751094017890158,0.8691250090020015,0.8849211189613027,0.9013291666666667,0.02218398428816526
2.0,1.4936726093292236,biascov,GLM,2,0.0847596837412311,0.824087232315426,0.7141914323944786,0.9644125,0.01939976961162515
2.0,1.4936726093292236,biascov,GLM,3,0.305789851544197,0.8290797119635513,0.7979515679293787,0.8945875,0.007098776676228047
2.0,1.4936726093292236,biascov,GLM,4,0.10748487770604057,0.7181669838194142,0.7692661160161651,0.914425,0.030851119844828134
2.0,1.4936726093292236,biascov,GLM,5,0.24371626867248436,0.7688759719707569,0.7813252599063131,0.8755999999999999,0.06441170609611835
2.0,1.4936726093292236,biascov,BRT,0,0.276053932602442,0.6407326817724445,0.615318295729199,0.8726458333333333,0.28455673374592005
2.0,1.4936726093292236,biascov,BRT,1,0.2751094017890158,0.88204392734573,0.8972569079752475,0.9134875,0.027486160360030598
2.0,1.4936726093292236,biascov,BRT,2,0.0847596837412311,0.8703053015665595,0.7967616177161726,0.9584458333333334,0.14851200638978734
2.0,1.4936726093292236,biascov,BRT,3,0.305789851544197,0.8982967168891641,0.8864466920449133,0.9199125,0.010478287175192169
2.0,1.4936726093292236,biascov,BRT,4,0.10748487770604057,0.7296307552640278,0.7951504744965416,0.9129250000000001,0.045965673349211644
2.0,1.4936726093292236,biascov,BRT,5,0.24371626867248436,0.7958091594644846,0.8408617321611456,0.8840916666666666,0.039244116364635095
2.0,1.4936726093292236,biascov,RF,0,0.276053932602442,0.5933643053724179,0.41667498445536677,0.8846666666666666,0.5008770857699906
2.0,1.4936726093292236,biascov,RF,1,0.2751094017890158,0.8341450095829708,0.8097095482345752,0.9168083333333333,0.07366774675564902
2.0,1.4936726093292236,biascov,RF,2,0.0847596837412311,0.8857878573321529,0.7800018715947118,0.9662333333333333,0.1647850960904803
2.0,1.4936726093292236,biascov,RF,3,0.305789851544197,0.8946359260317445,0.8829859853961373,0.9215083333333334,0.024161250418075597
2.0,1.4936726093292236,biascov,RF,4,0.10748487770604057,0.6731815272408088,0.5758388572034676,0.9158291666666667,0.30395706903738784
2.0,1.4936726093292236,biascov,RF,5,0.24371626867248436,0.7591210662110213,0.7617646538188872,0.892475,0.11931777625545303
2.0,1.4936726093292236,biascov,MLP,0,0.276053932602442,0.5764507048388887,0.32889987749361305,0.8771958333333334,0.22017603595645252
2.0,1.4936726093292236,biascov,MLP,1,0.2751094017890158,0.8827425910755421,0.9318099162659736,0.9055291666666666,0.009277784613260787
2.0,1.4936726093292236,biascov,MLP,2,0.0847596837412311,0.8568917446239271,0.8461930750542904,0.9631875000000001,0.15138523327015263
2.0,1.4936726093292236,biascov,MLP,3,0.305789851544197,0.8727812605627989,0.8699316859127865,0.9054041666666666,0.009714741422057527
2.0,1.4936726093292236,biascov,MLP,4,0.10748487770604057,0.7169300522955221,0.7767213682400923,0.915175,0.029545301829885462
2.0,1.4936726093292236,biascov,MLP,5,0.24371626867248436,0.7622016630199507,0.7727004986151885,0.876425,0.02373181148350978
2.0,1.4936726093292236,biascov,CNN,0,0.276053932602442,0.5616911335654178,0.27443465324960115,0.8786375,0.11158223307491222
2.0,1.4936726093292236,biascov,CNN,1,0.2751094017890158,0.8522318646740489,0.8138023406075316,0.8866458333333335,0.0399170901648237
2.0,1.4936726093292236,biascov,CNN,2,0.0847596837412311,0.8028112465750613,0.5498299692543867,0.9578541666666667,0.031147026997646043
2.0,1.4936726093292236,biascov,CNN,3,0.305789851544197,0.855219407432085,0.8380534241176407,0.9173791666666666,0.07367496168113907
2.0,1.4936726093292236,biascov,CNN,4,0.10748487770604057,0.6896908880721665,0.6371953489048556,0.9128083333333333,0.07009392133815662
2.0,1.4936726093292236,biascov,CNN,5,0.24371626867248436,0.767452404481335,0.7973377658440404,0.87,0.008986240842827953
