source,group,records,species,pct_records_within_2.5km_road,pct_area_within_2.5km_road,pct_records_within_1km_road,pct_0_1km,pct_1_2.5km,pct_2.5_5km,pct_gt5km,pct_5km_cells_sampled,median_road_dist_km,pct_1km_cells_sampled,pct_records_top1pct_species,pct_records_top100_species
all,all,493227,10219,99.44913802366861,94.94156373579443,97.61185012174921,97.61185012174921,1.8372879019194002,0.40245160950231845,0.14841036682906653,66.74107142857143,0.0,14.36502698295609,30.34079642841937,29.808181628337458
all,amphibians,8100,132,99.27160493827161,94.94156373579443,94.18518518518518,94.18518518518518,5.08641975308642,0.654320987654321,0.07407407407407407,18.894432773109244,0.0,1.4287378188453623,27.691358024691358,99.51851851851852
all,arachnids,13751,390,99.46185731946767,94.94156373579443,97.38928077957966,97.38928077957966,2.0725765398880083,0.39269871282088575,0.14544396771143916,23.568802521008404,0.0,2.0992906227987955,26.318085957384916,93.45502145298524
all,birds,130317,522,99.54188632334998,94.94156373579443,98.54662093203495,98.54662093203495,0.9952653913150242,0.3008049602124051,0.15730871643760982,42.279411764705884,0.0,5.9650913205286775,10.786006430473384,69.46522710007136
all,butterflies_moths,146585,2003,99.45697035849507,94.94156373579443,97.42197359893578,97.42197359893578,2.0349967595593004,0.3915816761605895,0.15144796534433946,44.52468487394958,0.0,6.295653331410601,28.58682675580721,65.2426919534741
all,fishes,2393,335,99.91642290012537,94.94156373579443,98.91349770162975,98.91349770162975,1.0029251984956122,0.08357709987463435,0.0,6.341911764705882,0.0,0.4570186190716532,24.613455913079815,83.82783117425825
all,mammals,8670,78,99.20415224913495,94.94156373579443,97.09342560553634,97.09342560553634,2.110726643598616,0.6805074971164936,0.11534025374855825,19.734768907563026,0.0,1.8302930132723976,18.904267589388695,100.0
all,odonates,43410,179,99.44713199723566,94.94156373579443,97.94287030638101,97.94287030638101,1.5042616908546418,0.3616678184750058,0.19120018428933425,30.514705882352942,0.0,3.244610341710159,12.103202027182677,97.9612992398065
all,other,10733,875,99.58073232087953,94.94156373579443,97.46575980620517,97.46575980620517,2.1149725146743688,0.40063356004844874,0.01863411907202087,18.82878151260504,0.0,1.6594656653669737,25.47284077145253,71.41526134351999
all,other_insects,33042,2142,99.6277465044489,94.94156373579443,96.65577144240663,96.65577144240663,2.9719750620422496,0.32080382543429575,0.051449670116821014,31.17121848739496,0.0,3.321149867719732,31.907874825979057,58.36813752194177
all,plants,79142,3347,99.37959616891158,94.94156373579443,97.65358469586313,97.65358469586313,1.7260114730484448,0.4574056758737459,0.16299815521467742,47.97794117647059,0.0,6.983954431250312,21.072249879962598,38.11250663364585
all,reptiles,17084,216,98.70639194568017,94.94156373579443,94.90166237415126,94.90166237415126,3.8047295715289158,1.0711777101381408,0.22243034418169047,30.10766806722689,0.0,2.9118297938424504,24.8946382580192,97.2488878482791
