source,year,records,new_species_cells,effectiveness_per_1000,cum_cells_1km
all,1980,12,12,1000.0,11
all,1984,1,1,1000.0,12
all,1986,2,1,500.0,13
all,1987,3,3,1000.0,16
all,1988,6,3,500.0,18
all,1989,9,3,333.3333333333333,20
all,1990,1,1,1000.0,21
all,1991,3,3,1000.0,22
all,1992,19,16,842.1052631578947,31
all,1993,6,5,833.3333333333334,33
all,1994,9,9,1000.0,39
all,1995,11,7,636.3636363636364,45
all,1996,13,11,846.1538461538462,50
all,1997,82,82,1000.0,86
all,1998,107,100,934.5794392523364,98
all,1999,186,158,849.4623655913979,119
all,2000,120,72,600.0,144
all,2001,16,16,1000.0,151
all,2002,90,88,977.7777777777778,181
all,2003,215,180,837.2093023255813,225
all,2004,481,336,698.5446985446986,299
all,2005,472,351,743.6440677966102,364
all,2006,501,375,748.502994011976,487
all,2007,1159,855,737.7049180327868,645
all,2008,1442,994,689.3203883495146,794
all,2009,1922,1267,659.2091571279917,1017
all,2010,2546,1709,671.2490180675569,1286
all,2011,2974,2142,720.2420981842636,1688
all,2012,3548,2432,685.456595264938,2085
all,2013,3862,2571,665.7172449508026,2512
all,2014,5771,3620,627.2743025472189,3075
all,2015,5876,3774,642.2736555479918,3798
all,2016,6775,3995,589.6678966789668,4410
all,2017,9184,4800,522.6480836236934,5276
all,2018,11807,6307,534.1746421614297,6372
all,2019,18842,10486,556.5226621377773,8026
all,2020,29955,14599,487.36437990318814,9833
all,2021,36761,16451,447.51230924077146,11674
all,2022,48737,17517,359.4189219689353,13827
all,2023,70271,20982,298.586899289892,16248
all,2024,80376,23934,297.7754553598089,19128
all,2025,88636,27119,305.9592039351956,22956
all,2026,60404,18865,312.3137540560228,25897
group:birds,1980,3,3,1000.0,3
group:birds,1986,2,1,500.0,4
group:birds,1987,1,1,1000.0,5
group:birds,1993,1,1,1000.0,6
group:birds,1994,1,1,1000.0,7
group:birds,1995,1,1,1000.0,8
group:birds,1997,5,5,1000.0,13
group:birds,1998,1,1,1000.0,14
group:birds,1999,27,27,1000.0,20
group:birds,2000,90,47,522.2222222222222,35
group:birds,2002,26,25,961.5384615384615,46
group:birds,2003,14,12,857.1428571428571,55
group:birds,2004,39,34,871.7948717948718,77
group:birds,2005,144,126,875.0,111
group:birds,2006,93,82,881.7204301075269,156
group:birds,2007,117,100,854.7008547008547,214
group:birds,2008,206,171,830.0970873786408,278
group:birds,2009,212,176,830.188679245283,353
group:birds,2010,347,291,838.6167146974063,451
group:birds,2011,632,487,770.5696202531645,610
group:birds,2012,904,597,660.3982300884956,777
group:birds,2013,1118,772,690.5187835420394,967
group:birds,2014,1549,942,608.1342801807618,1216
group:birds,2015,1592,1015,637.5628140703518,1538
group:birds,2016,2193,1212,552.6675786593707,1832
group:birds,2017,2976,1383,464.71774193548384,2202
group:birds,2018,3771,1900,503.84513391673295,2659
group:birds,2019,4937,2319,469.71845250151915,3223
group:birds,2020,6395,2567,401.40734949179046,3900
group:birds,2021,5464,2183,399.5241581259151,4420
group:birds,2022,12565,3473,276.40270592916835,5276
group:birds,2023,20417,3790,185.62962237351226,6344
group:birds,2024,23060,4379,189.8959236773634,7524
group:birds,2025,25651,5232,203.96865619274104,9333
group:birds,2026,15760,3722,236.16751269035532,10753
group:butterflies_moths,1980,5,5,1000.0,5
group:butterflies_moths,1992,1,1,1000.0,6
group:butterflies_moths,1996,2,2,1000.0,8
group:butterflies_moths,1997,2,2,1000.0,10
group:butterflies_moths,1998,2,2,1000.0,12
group:butterflies_moths,2000,9,9,1000.0,20
group:butterflies_moths,2001,5,5,1000.0,22
group:butterflies_moths,2002,26,26,1000.0,29
group:butterflies_moths,2003,104,82,788.4615384615385,46
group:butterflies_moths,2004,306,181,591.5032679738562,73
group:butterflies_moths,2005,180,104,577.7777777777778,84
group:butterflies_moths,2006,220,134,609.0909090909091,119
group:butterflies_moths,2007,396,247,623.7373737373738,173
group:butterflies_moths,2008,354,219,618.6440677966102,226
group:butterflies_moths,2009,552,364,659.4202898550725,322
group:butterflies_moths,2010,897,541,603.1215161649944,438
group:butterflies_moths,2011,759,500,658.7615283267457,536
group:butterflies_moths,2012,1046,682,652.0076481835564,669
group:butterflies_moths,2013,941,540,573.8575982996812,781
group:butterflies_moths,2014,1962,1129,575.4332313965341,997
group:butterflies_moths,2015,1766,1089,616.647791619479,1193
group:butterflies_moths,2016,2073,1179,568.7409551374819,1431
group:butterflies_moths,2017,2776,1427,514.0489913544668,1761
group:butterflies_moths,2018,2919,1610,551.5587529976019,2143
group:butterflies_moths,2019,5748,3021,525.5741127348643,2780
group:butterflies_moths,2020,10975,4841,441.09339407744875,3658
group:butterflies_moths,2021,14580,5471,375.2400548696845,4551
group:butterflies_moths,2022,15867,4976,313.6068569988025,5520
group:butterflies_moths,2023,19469,5348,274.6931018542298,6694
group:butterflies_moths,2024,21800,5908,271.0091743119266,8116
group:butterflies_moths,2025,22354,5969,267.02156213653035,9837
group:butterflies_moths,2026,18483,4961,268.40880809392416,11351
group:odonates,1980,1,1,1000.0,1
group:odonates,1998,5,4,800.0,2
group:odonates,2000,1,1,1000.0,3
group:odonates,2002,5,5,1000.0,6
group:odonates,2003,6,5,833.3333333333334,11
group:odonates,2004,18,15,833.3333333333334,19
group:odonates,2005,35,30,857.1428571428571,35
group:odonates,2006,28,20,714.2857142857143,45
group:odonates,2007,81,64,790.1234567901234,66
group:odonates,2008,64,42,656.25,86
group:odonates,2009,136,62,455.88235294117646,105
group:odonates,2010,143,91,636.3636363636364,148
group:odonates,2011,173,113,653.179190751445,199
group:odonates,2012,169,115,680.4733727810651,253
group:odonates,2013,167,108,646.7065868263473,294
group:odonates,2014,266,184,691.7293233082706,384
group:odonates,2015,333,197,591.5915915915916,443
group:odonates,2016,289,166,574.3944636678201,501
group:odonates,2017,690,297,430.4347826086956,621
group:odonates,2018,1207,419,347.14167357083676,795
group:odonates,2019,1303,669,513.4305448963929,1069
group:odonates,2020,2926,1238,423.1032125768968,1594
group:odonates,2021,3582,1310,365.71747627024007,2111
group:odonates,2022,5032,1166,231.71701112877582,2606
group:odonates,2023,5686,1004,176.574041505452,3133
group:odonates,2024,8544,1705,199.5552434456929,3964
group:odonates,2025,8106,1879,231.80360226992352,5091
group:odonates,2026,4412,1198,271.532184950136,5848
group:plants,1987,2,2,1000.0,2
group:plants,1988,1,1,1000.0,3
group:plants,1989,3,2,666.6666666666666,5
group:plants,1991,1,1,1000.0,6
group:plants,1992,10,10,1000.0,12
group:plants,1993,3,3,1000.0,14
group:plants,1994,8,8,1000.0,19
group:plants,1995,2,2,1000.0,20
group:plants,1996,7,7,1000.0,24
group:plants,1997,67,67,1000.0,49
group:plants,1998,91,86,945.054945054945,54
group:plants,1999,147,122,829.9319727891157,68
group:plants,2000,9,6,666.6666666666666,73
group:plants,2001,4,4,1000.0,76
group:plants,2002,14,14,1000.0,85
group:plants,2003,41,38,926.829268292683,104
group:plants,2004,49,42,857.1428571428571,127
group:plants,2005,40,38,950.0,142
group:plants,2006,64,62,968.75,179
group:plants,2007,354,304,858.7570621468926,246
group:plants,2008,634,435,686.1198738170347,297
group:plants,2009,727,467,642.3658872077029,378
group:plants,2010,645,425,658.9147286821706,465
group:plants,2011,887,675,760.9921082299887,695
group:plants,2012,803,596,742.2166874221668,873
group:plants,2013,996,704,706.8273092369478,1059
group:plants,2014,1039,766,737.2473532242541,1260
group:plants,2015,1220,833,682.7868852459017,1559
group:plants,2016,1112,778,699.6402877697842,1784
group:plants,2017,1388,974,701.7291066282421,2112
group:plants,2018,1831,1188,648.8257782632442,2547
group:plants,2019,3513,2447,696.5556504412183,3302
group:plants,2020,4239,2881,679.6414248643548,4024
group:plants,2021,5817,3877,666.4947567474643,4967
group:plants,2022,6625,3935,593.9622641509434,6089
group:plants,2023,11216,5142,458.45221112696146,7457
group:plants,2024,11275,5462,484.43458980044346,9059
group:plants,2025,14412,7165,497.15514848737166,11189
group:plants,2026,9846,4487,455.71805809465775,12592
group:reptiles,1988,5,2,400.0,1
group:reptiles,1989,5,0,0.0,1
group:reptiles,1990,1,1,1000.0,2
group:reptiles,1991,1,1,1000.0,2
group:reptiles,1992,6,3,500.0,4
group:reptiles,1993,1,0,0.0,4
group:reptiles,1995,1,1,1000.0,5
group:reptiles,1996,1,1,1000.0,6
group:reptiles,1997,3,3,1000.0,9
group:reptiles,1998,4,3,750.0,12
group:reptiles,1999,2,2,1000.0,14
group:reptiles,2000,4,4,1000.0,18
group:reptiles,2001,3,3,1000.0,19
group:reptiles,2002,3,3,1000.0,22
group:reptiles,2003,10,7,700.0,29
group:reptiles,2004,20,18,900.0,42
group:reptiles,2005,20,16,800.0,51
group:reptiles,2006,22,17,772.7272727272727,62
group:reptiles,2007,56,42,750.0,91
group:reptiles,2008,38,26,684.2105263157895,113
group:reptiles,2009,60,45,750.0,144
group:reptiles,2010,117,88,752.1367521367522,194
group:reptiles,2011,137,95,693.4306569343066,259
group:reptiles,2012,136,91,669.1176470588235,309
group:reptiles,2013,157,105,668.7898089171974,373
group:reptiles,2014,270,157,581.4814814814815,468
group:reptiles,2015,261,160,613.0268199233717,580
group:reptiles,2016,338,185,547.3372781065088,702
group:reptiles,2017,332,135,406.6265060240964,808
group:reptiles,2018,394,207,525.3807106598985,966
group:reptiles,2019,642,341,531.1526479750779,1228
group:reptiles,2020,878,470,535.3075170842825,1560
group:reptiles,2021,1283,574,447.3889321901793,1964
group:reptiles,2022,1543,560,362.9293583927414,2395
group:reptiles,2023,2175,701,322.2988505747126,2955
group:reptiles,2024,2624,758,288.8719512195122,3657
group:reptiles,2025,3130,867,276.99680511182106,4533
group:reptiles,2026,2400,759,316.25,5250
group:amphibians,1980,2,2,1000.0,2
group:amphibians,1995,6,2,333.3333333333333,4
group:amphibians,1996,3,1,333.3333333333333,5
group:amphibians,1997,2,2,1000.0,7
group:amphibians,1998,2,2,1000.0,9
group:amphibians,1999,1,1,1000.0,10
group:amphibians,2001,2,2,1000.0,12
group:amphibians,2004,3,3,1000.0,15
group:amphibians,2005,4,4,1000.0,19
group:amphibians,2006,4,4,1000.0,23
group:amphibians,2007,13,12,923.0769230769231,31
group:amphibians,2008,8,7,875.0,37
group:amphibians,2009,13,8,615.3846153846154,46
group:amphibians,2010,48,32,666.6666666666666,65
group:amphibians,2011,61,45,737.7049180327868,93
group:amphibians,2012,66,40,606.060606060606,121
group:amphibians,2013,63,40,634.9206349206349,146
group:amphibians,2014,91,57,626.3736263736264,179
group:amphibians,2015,126,71,563.4920634920635,225
group:amphibians,2016,112,54,482.14285714285717,264
group:amphibians,2017,122,57,467.21311475409834,314
group:amphibians,2018,195,88,451.28205128205127,388
group:amphibians,2019,302,153,506.6225165562914,534
group:amphibians,2020,370,205,554.0540540540541,693
group:amphibians,2021,633,239,377.56714060031595,885
group:amphibians,2022,1009,305,302.2794846382557,1124
group:amphibians,2023,1169,290,248.07527801539777,1414
group:amphibians,2024,979,274,279.87742594484166,1694
group:amphibians,2025,1524,437,286.745406824147,2190
group:amphibians,2026,1167,316,270.77977720651245,2576
group:mammals,1980,1,1,1000.0,1
group:mammals,1984,1,1,1000.0,2
group:mammals,1992,1,1,1000.0,3
group:mammals,1993,1,1,1000.0,4
group:mammals,1995,1,1,1000.0,5
group:mammals,1997,2,2,1000.0,7
group:mammals,1998,1,1,1000.0,8
group:mammals,1999,9,6,666.6666666666666,9
group:mammals,2002,3,3,1000.0,12
group:mammals,2003,2,2,1000.0,14
group:mammals,2004,13,12,923.0769230769231,27
group:mammals,2005,9,8,888.8888888888889,35
group:mammals,2006,18,14,777.7777777777778,50
group:mammals,2007,49,25,510.2040816326531,71
group:mammals,2008,38,22,578.9473684210526,89
group:mammals,2009,40,21,525.0,109
group:mammals,2010,74,41,554.0540540540541,145
group:mammals,2011,89,51,573.0337078651686,182
group:mammals,2012,87,59,678.1609195402299,228
group:mammals,2013,109,65,596.3302752293578,279
group:mammals,2014,159,70,440.251572327044,342
group:mammals,2015,140,73,521.4285714285714,417
group:mammals,2016,173,77,445.08670520231215,492
group:mammals,2017,239,76,317.9916317991632,574
group:mammals,2018,259,107,413.12741312741315,689
group:mammals,2019,330,133,403.030303030303,851
group:mammals,2020,344,160,465.1162790697674,1002
group:mammals,2021,396,178,449.4949494949495,1165
group:mammals,2022,648,221,341.04938271604937,1414
group:mammals,2023,999,289,289.2892892892893,1774
group:mammals,2024,1329,394,296.4635063957863,2247
group:mammals,2025,1859,464,249.59655728886497,2872
group:mammals,2026,1247,340,272.654370489174,3300
