group,band_km,area_km2,records,pct_area,pct_records,intensity_ratio
all,0-0.1,34408.31,322602,19.0840270883366,65.40639502703624,3.427284750974286
all,0.1-0.25,54581.93,121052,30.273007615128208,24.54285754834995,0.8107175164216339
all,0.25-0.5,25645.27,24299,14.223745001358855,4.9265348409555845,0.34635989610928286
all,0.5-1,31081.39,13226,17.23880332114987,2.681523923061795,0.15555162809775192
all,1-2,20872.78,8034,11.576758606536922,1.6288645998698368,0.140701266669764
all,2-5,12162.52,3279,6.745750115086607,0.6648054546892201,0.098551746410293
all,5-100,1546.8,735,0.857908252402953,0.14901860603738237,0.1736999330872382
birds,0-0.1,34408.31,79953,19.0840270883366,61.35270148944497,3.2148718509701397
birds,0.1-0.25,54581.93,38443,30.273007615128208,29.499604809809924,0.9744523961691934
birds,0.25-0.5,25645.27,6403,14.223745001358855,4.913403470000077,0.34543669543644645
birds,0.5-1,31081.39,3572,17.23880332114987,2.741008463976304,0.1590022470187027
birds,1-2,20872.78,1235,11.576758606536922,0.9476890965875518,0.08186135072838356
birds,2-5,12162.52,506,6.745750115086607,0.3882839537435638,0.05755978907003712
birds,5-100,1546.8,205,0.857908252402953,0.15730871643760982,0.18336309972190723
butterflies_moths,0-0.1,34408.31,98860,19.0840270883366,67.44209844117748,3.5339552877911924
butterflies_moths,0.1-0.25,54581.93,33190,30.273007615128208,22.642153017020842,0.7479320622806559
butterflies_moths,0.25-0.5,25645.27,7276,14.223745001358855,4.963672954258621,0.3489708901407062
butterflies_moths,0.5-1,31081.39,3419,17.23880332114987,2.3324351059112463,0.13530145117727735
butterflies_moths,1-2,20872.78,2585,11.576758606536922,1.7634819388068357,0.15232950765778858
butterflies_moths,2-5,12162.52,1032,6.745750115086607,0.704028379438551,0.10436621093687104
butterflies_moths,5-100,1546.8,223,0.857908252402953,0.1521301633864311,0.17732684463673473
odonates,0-0.1,34408.31,27845,19.0840270883366,64.14420640405436,3.361146266830483
odonates,0.1-0.25,54581.93,11463,30.273007615128208,26.40635798203179,0.8722740177568563
odonates,0.25-0.5,25645.27,2284,14.223745001358855,5.261460492973969,0.36990683483648773
odonates,0.5-1,31081.39,908,17.23880332114987,2.091683943791753,0.12133579720266989
odonates,1-2,20872.78,583,11.576758606536922,1.3430085233817093,0.1160090288678359
odonates,2-5,12162.52,244,6.745750115086607,0.562082469477079,0.08332393875960561
odonates,5-100,1546.8,83,0.857908252402953,0.19120018428933425,0.22286786932494618
plants,0-0.1,34408.31,54866,19.0840270883366,69.32602158146118,3.632672562272273
plants,0.1-0.25,54581.93,16054,30.273007615128208,20.285057238887063,0.6700707606187796
plants,0.25-0.5,25645.27,3868,14.223745001358855,4.887417553258699,0.3436097562766897
plants,0.5-1,31081.39,2411,17.23880332114987,3.046422885446413,0.17671893046710677
plants,1-2,20872.78,1215,11.576758606536922,1.5352151828359153,0.13261183333036264
plants,2-5,12162.52,598,6.745750115086607,0.7556038513052488,0.1120118353651094
plants,5-100,1546.8,130,0.857908252402953,0.16426170680548888,0.19146768473831674
reptiles,0-0.1,34408.31,10850,19.0840270883366,63.509716693982675,3.3278991064101615
reptiles,0.1-0.25,54581.93,3691,30.273007615128208,21.6050105361742,0.7136724177143738
reptiles,0.25-0.5,25645.27,934,14.223745001358855,5.46710372278155,0.38436457643604083
reptiles,0.5-1,31081.39,718,17.23880332114987,4.202762819011941,0.24379666852255766
reptiles,1-2,20872.78,603,11.576758606536922,3.529618356356825,0.30488830909575976
reptiles,2-5,12162.52,250,6.745750115086607,1.4633575275111215,0.21693028981882673
reptiles,5-100,1546.8,38,0.857908252402953,0.22243034418169047,0.2592705496871904
amphibians,0-0.1,34408.31,4685,19.0840270883366,57.839506172839506,3.0307809722293215
amphibians,0.1-0.25,54581.93,2165,30.273007615128208,26.728395061728396,0.8829117807366957
amphibians,0.25-0.5,25645.27,484,14.223745001358855,5.9753086419753085,0.42009390926260715
amphibians,0.5-1,31081.39,293,17.23880332114987,3.617283950617284,0.20983381985565822
amphibians,1-2,20872.78,372,11.576758606536922,4.592592592592593,0.39670798611965047
amphibians,2-5,12162.52,95,6.745750115086607,1.1728395061728396,0.1738634675408195
amphibians,5-100,1546.8,6,0.857908252402953,0.07407407407407407,0.08634265245333256
mammals,0-0.1,34408.31,5683,19.0840270883366,65.54786620530565,3.4346978183323746
mammals,0.1-0.25,54581.93,1961,30.273007615128208,22.618223760092274,0.7471416136660751
mammals,0.25-0.5,25645.27,399,14.223745001358855,4.602076124567474,0.3235488350028644
mammals,0.5-1,31081.39,373,17.23880332114987,4.302191464821223,0.24956439171986886
mammals,1-2,20872.78,168,11.576758606536922,1.9377162629757785,0.16737986243244543
mammals,2-5,12162.52,75,6.745750115086607,0.8650519031141869,0.12823657686037493
mammals,5-100,1546.8,11,0.857908252402953,0.12687427912341406,0.14788793413287063
