strength,correction,model,true_auc,spearman,cv_auc,leakage
0.0,biascov,BRT,0.817,0.864,0.754,0.063
0.0,biascov,CNN,0.742,0.641,0.697,0.054
0.0,biascov,GLM,0.784,0.789,0.732,0.055
0.0,biascov,MLP,0.771,0.76,0.718,0.041
0.0,biascov,RF,0.822,0.864,0.758,0.057
0.0,none,BRT,0.815,0.861,0.755,0.061
0.0,none,CNN,0.754,0.68,0.703,0.045
0.0,none,GLM,0.803,0.838,0.747,0.056
0.0,none,MLP,0.769,0.757,0.716,0.046
0.0,none,RF,0.819,0.854,0.76,0.054
0.0,tgb,BRT,0.811,0.846,0.751,0.072
0.0,tgb,CNN,0.753,0.674,0.706,0.054
0.0,tgb,GLM,0.796,0.817,0.743,0.06
0.0,tgb,MLP,0.767,0.749,0.714,0.052
0.0,tgb,RF,0.81,0.818,0.751,0.071
0.0,thin,BRT,0.811,0.852,0.752,0.059
0.0,thin,CNN,0.746,0.654,0.698,0.045
0.0,thin,GLM,0.799,0.831,0.747,0.055
0.0,thin,MLP,0.764,0.749,0.714,0.045
0.0,thin,RF,0.817,0.853,0.759,0.056
1.0,biascov,BRT,0.809,0.836,0.849,0.054
1.0,biascov,CNN,0.714,0.545,0.807,0.054
1.0,biascov,GLM,0.783,0.777,0.828,0.047
1.0,biascov,MLP,0.775,0.76,0.818,0.037
1.0,biascov,RF,0.801,0.792,0.852,0.1
1.0,none,BRT,0.781,0.768,0.837,0.194
1.0,none,CNN,0.725,0.593,0.792,0.109
1.0,none,GLM,0.778,0.775,0.82,0.101
1.0,none,MLP,0.753,0.715,0.797,0.107
1.0,none,RF,0.778,0.737,0.839,0.178
1.0,tgb,BRT,0.806,0.826,0.774,0.065
1.0,tgb,CNN,0.744,0.641,0.718,0.037
1.0,tgb,GLM,0.791,0.802,0.763,0.045
1.0,tgb,MLP,0.762,0.735,0.754,0.047
1.0,tgb,RF,0.807,0.793,0.769,0.076
1.0,thin,BRT,0.778,0.762,0.829,0.177
1.0,thin,CNN,0.715,0.566,0.773,0.098
1.0,thin,GLM,0.776,0.769,0.811,0.087
1.0,thin,MLP,0.749,0.705,0.782,0.096
1.0,thin,RF,0.78,0.747,0.837,0.174
2.0,biascov,BRT,0.767,0.709,0.942,0.061
2.0,biascov,CNN,0.655,0.389,0.916,0.052
2.0,biascov,GLM,0.735,0.654,0.927,0.049
2.0,biascov,MLP,0.736,0.656,0.931,0.03
2.0,biascov,RF,0.721,0.553,0.942,0.156
2.0,none,BRT,0.737,0.643,0.932,0.302
2.0,none,CNN,0.665,0.431,0.903,0.195
2.0,none,GLM,0.731,0.652,0.918,0.165
2.0,none,MLP,0.722,0.625,0.91,0.2
2.0,none,RF,0.713,0.55,0.933,0.239
2.0,tgb,BRT,0.785,0.761,0.852,0.083
2.0,tgb,CNN,0.715,0.568,0.778,0.049
2.0,tgb,GLM,0.762,0.728,0.833,0.061
2.0,tgb,MLP,0.743,0.67,0.848,0.077
2.0,tgb,RF,0.779,0.709,0.834,0.091
2.0,thin,BRT,0.734,0.628,0.923,0.278
2.0,thin,CNN,0.643,0.362,0.868,0.163
2.0,thin,GLM,0.729,0.642,0.894,0.143
2.0,thin,MLP,0.72,0.615,0.888,0.166
2.0,thin,RF,0.721,0.576,0.927,0.269
