strength,model,cv_picks_true_best_pct,cv_picks_none_pct,truth_best_none_pct
0.0,GLM,33.33333333333333,26.666666666666668,76.66666666666667
0.0,BRT,40.0,20.0,16.666666666666664
0.0,RF,36.666666666666664,26.666666666666668,3.3333333333333335
0.0,MLP,26.666666666666668,20.0,20.0
0.0,CNN,36.666666666666664,30.0,26.666666666666668
1.0,GLM,30.0,30.0,10.0
1.0,BRT,46.666666666666664,16.666666666666664,3.3333333333333335
1.0,RF,30.0,6.666666666666667,0.0
1.0,MLP,70.0,20.0,6.666666666666667
1.0,CNN,23.333333333333332,20.0,13.333333333333334
2.0,GLM,10.0,13.333333333333334,3.3333333333333335
2.0,BRT,16.666666666666664,3.3333333333333335,0.0
2.0,RF,0.0,10.0,3.3333333333333335
2.0,MLP,33.33333333333333,3.3333333333333335,0.0
2.0,CNN,6.666666666666667,16.666666666666664,13.333333333333334
