"region","covariate","range_blockCV"
"AWT","bc01",21619.323649036
"AWT","bc04",70349.0853754285
"AWT","bc05",22124.8691893672
"AWT","bc06",64780.3476534138
"AWT","bc12",43423.984050667
"AWT","bc15",335073.136392611
"AWT","bc17",76944.8461999022
"AWT","bc20",64799.0669140296
"AWT","bc31",47641102.0047866
"AWT","bc33",498406.567408161
"AWT","slope",8335.99041622087
"AWT","topo",12165.3816780045
"AWT","tri",11712.5565621011
"CAN","alt",1978269.12512665
"CAN","asp2",NA
"CAN","ontprec",NA
"CAN","ontprec4",NA
"CAN","ontprecsd",NA
"CAN","ontslp",NA
"CAN","onttemp",NA
"CAN","onttempsd",NA
"CAN","onttmin4",NA
"CAN","watdist",1087903.44142625
"NSW","cti",NA
"NSW","disturb",NA
"NSW","mi",101200.218946049
"NSW","rainann",73756.1987158331
"NSW","raindq",58850.0410580909
"NSW","rugged",NA
"NSW","soildepth",238785.500022136
"NSW","soilfert",NA
"NSW","solrad",NA
"NSW","tempann",171818.349766524
"NSW","tempmin",179901.087912438
"NSW","topo",NA
"NZ","deficit",70964.3700526213
"NZ","dem",66888.1608138118
"NZ","hillshade",16878.8945587173
"NZ","mas",468955.101992207
"NZ","mat",211027.211755237
"NZ","r2pet",163955.964364999
"NZ","rain",172145.862467638
"NZ","slope",101253.514454118
"NZ","sseas",74319.7873251302
"NZ","tseas",76207.246190749
"NZ","vpd",151495.023437764
"SA","sabio1",7100857.71864961
"SA","sabio2",1949821.26708068
"SA","sabio4",NA
"SA","sabio5",1976837.94510895
"SA","sabio6",9870827.04749926
"SA","sabio7",5214208.51386378
"SA","sabio8",1802280.33548807
"SA","sabio12",1850866.88245627
"SA","sabio15",4230565.08668798
"SA","sabio17",1526824.79341626
"SA","sabio18",371520.964057292
"SWI","bcc",86011425.3018504
"SWI","ccc",4482.87924131471
"SWI","ddeg",273806.571465107
"SWI","nutri",643261.524924962
"SWI","pday",90357.9440434958
"SWI","precyy",58805.3927502837
"SWI","sfroyy",104950.210931247
"SWI","slope",526083.631309456
"SWI","sradyy",4221.68111598904
"SWI","swb",29749.2444733737
"SWI","tavecc",27481287.5834963
"SWI","topo",58453.8050835474
