region,covariate,range_blockCV,range_python
AWT,bc01,21619.323649036,58585.25649281852
AWT,bc04,70349.0853754285,203955.79857873413
AWT,bc05,22124.8691893672,59719.780253535326
AWT,bc06,64780.3476534138,76690.3751762417
AWT,bc12,43423.984050667,147156.16155836466
AWT,bc15,335073.136392611,901195.3354669489
AWT,bc17,76944.8461999022,196405.43418694407
AWT,bc20,64799.0669140296,178320.73605103398
AWT,bc31,47641102.0047866,398742.34102495026
AWT,bc33,498406.567408161,281833.79733862233
AWT,slope,8335.99041622087,21839.811346840444
AWT,topo,12165.3816780045,796.099867934141
AWT,tri,11712.5565621011,21890.59011746278
CAN,alt,1978269.12512665,63.71971290281445
CAN,asp2,,1.5206576947249097
CAN,ontprec,,63.71971290281461
CAN,ontprec4,,63.71971290281461
CAN,ontprecsd,,63.71971290281461
CAN,ontslp,,63.71971290281461
CAN,onttemp,,63.71971290281461
CAN,onttempsd,,63.71971290281461
CAN,onttmin4,,63.71971290279522
CAN,watdist,1087903.44142625,63.719712902787414
NSW,cti,,0.13385779868575667
NSW,disturb,,0.48645034345405247
NSW,mi,101200.218946049,2.0913917157327613
NSW,rainann,73756.1987158331,1.8327177647414308
NSW,raindq,58850.0410580909,0.6388638090815953
NSW,rugged,,0.7345130116490602
NSW,soildepth,238785.500022136,6.216950274081003
NSW,soilfert,,0.7267991320573493
NSW,solrad,,0.5051741768470043
NSW,tempann,171818.349766524,6.1717968632196385
NSW,tempmin,179901.087912438,7.473112505654449
NSW,topo,,0.14851922772264847
NZ,deficit,70964.3700526213,144035.0933378485
NZ,dem,66888.1608138118,118089.85154400134
NZ,hillshade,16878.8945587173,4503393.1096401075
NZ,mas,468955.101992207,877927.4397502317
NZ,mat,211027.211755237,479455.64629549184
NZ,r2pet,163955.964364999,161147.8542133573
NZ,rain,172145.862467638,175149.80014859117
NZ,slope,101253.514454118,189005.00802012408
NZ,sseas,74319.7873251302,276029.876836409
NZ,tseas,76207.246190749,142032.10997499982
NZ,vpd,151495.023437764,162297.2372508281
SA,sabio1,7100857.71864961,39.33875410266209
SA,sabio2,1949821.26708068,38.58898646415176
SA,sabio4,,169.88052378421787
SA,sabio5,1976837.94510895,28.623399579633087
SA,sabio6,9870827.04749926,102.59523586153816
SA,sabio7,5214208.51386378,169.88052378421742
SA,sabio8,1802280.33548807,26.038092764625468
SA,sabio12,1850866.88245627,65.3884442830173
SA,sabio15,4230565.08668798,68.3684622675086
SA,sabio17,1526824.79341626,40.751627432305575
SA,sabio18,371520.964057292,13.031463173779864
SWI,bcc,86011425.3018504,1071497.0834977818
SWI,ccc,4482.87924131471,6724.8394485304325
SWI,ddeg,273806.571465107,1071497.0834977832
SWI,nutri,643261.524924962,1071497.0834977832
SWI,pday,90357.9440434958,188150.1662672046
SWI,precyy,58805.3927502837,120547.74797554371
SWI,sfroyy,104950.210931247,1071497.08343514
SWI,slope,526083.631309456,1071497.0834977797
SWI,sradyy,4221.68111598904,260457.6087543203
SWI,swb,29749.2444733737,50793.434393062984
SWI,tavecc,27481287.5834963,1071497.0834977832
SWI,topo,58453.8050835474,8696.960337207722
